iterations,auc
100,0.762843457
200,0.753784193
300,0.754706041
400,0.757563964
500,0.757058815
600,0.75614483
700,0.75663622
800,0.759297588
900,0.76111573
1000,0.762955494
1500,0.760757998
2000,0.76195699
2500,0.762004163
3000,0.762365826