iterations,auc
10,0.7256599857300383
30,0.748789706758183
50,0.7520564665923686
70,0.7568209827404223
100,0.7628434569473683
500,0.7570588154359316
1000,0.7629554938369882
3000,0.7623658259968826
